{
  "linear_regression": {
    "r2": 0.8894860133449198,
    "mse": 1176.1640944591193
  },
  "random_forest": {
    "r2": 0.9190229023629419,
    "mse": 861.812677262964
  },
  "gradient_boosting": {
    "r2": 0.924625530747632,
    "mse": 802.1857418847619
  },
  "best_model": "GradientBoosting",
  "best_r2": 0.924625530747632,
  "classification": {
    "accuracy": 0.8039275851488187,
    "model": "LogisticRegression"
  },
  "feature_importance": {
    "PM2.5": 0.5869768066905001,
    "PM10": 0.14225897773083776,
    "NO2": 0.014875576827781357,
    "SO2": 0.015291934292734802,
    "CO": 0.24059670445814593
  }
}